show_name,show_theater,show_type,num_of_attendance,capacity_filled,revenue,percentage_of_poss_profit,num_of_performances
'Night Mother,Royale,Play,32571,0.38299999999999995,1700078,0.26899999999999996,57
110 In The Shade,Studio 54,Musical,98213,0.8493333333333334,4971529,0.5673333333333334,94
13,Jacobs,Musical,59888,0.5235714285714286,3577388,0.3285714285714285,96
1776,Criterion,Musical,341257,0.7888636363636364,12979845,0.5154545454545455,325
1776,Gershwin,Musical,341257,0.7888636363636364,12979845,0.5154545454545455,325
33 Variations,Eugene O'Neill,Play,70012,0.57,4380302,0.35600000000000004,85
42Nd Street '01,Ford Center,Musical,2199186,0.7867875647668394,131200806,0.6511398963730569,1509
45 Seconds From Broadway,Richard Rodgers,Play,95966,0.6661538461538461,3839871,0.4676923076923077,73
9 To 5,Marquis,Musical,218823,0.7945454545454546,15231411,0.5054545454545455,148
A Behanding In Spokane,Schoenfeld,Play,94831,0.738,6848680,0.48533333333333334,108
A Bronx Tale,Walter Kerr,Play,74433,0.6142105263157894,4888172,0.5005263157894737,111
A Catered Affair,Walter Kerr,Musical,95542,0.7288888888888888,6453273,0.5322222222222223,116
A Chorus Line '06,Schoenfeld,Musical,674359,0.8175257731958763,53780422,0.6824742268041237,759
A Christmas Carol '01,Marquis,Play,12005,0.94,819397,0.9,8
A Christmas Story,Lunt-Fontanne,Musical,82008,0.9214285714285714,8172266,0.7557142857142857,51
A Class Act,Ambassador,Musical,68094,0.46294117647058824,2558362,0.2647058823529412,105
A Day In The Death Of Joe Egg,American Airlines,Play,63350,0.9191666666666667,2874477,0.6608333333333333,69
A Delicate Balance,Plymouth,Play,187407,0.8346153846153846,5995428,0.18153846153846154,185
A Delicate Balance 2014,Golden,Play,92749,0.85,11703597,0.7688235294117647,100
A Doll'S House,Belasco,Play,143989,0.8917391304347827,6495976,0.5256521739130435,150
A Free Man Of Color,Vivian Beaumont,Play,53082,0.6318181818181818,2591058,0.30272727272727273,53
A Funny Thing Happened On The Way To The Forum,St. James,Musical,924216,0.7622340425531915,48856284,0.27191489361702126,715
A Gentleman'S Guide To Love And Murder,Walter Kerr,Musical,741199,0.8838793103448276,72984951,0.6788793103448276,896
A Life In The Theatre,Schoenfeld,Play,45770,0.535,2583745,0.264,56
A Little More Magic,Belasco,Special,7896,0.35333333333333333,160000,0.41666666666666663,19
A Little Night Music,Walter Kerr,Musical,368614,0.890357142857143,38606667,0.7671428571428571,425
A Man For All Seasons,American Airlines,Play,64431,0.8535714285714286,3612196,0.5242857142857144,73
A Midsummer Night'S Dream,Lunt-Fontanne,Play,67830,0.604,2731254,0.46,65
A Month In The Country,Criterion,Play,7481,1,320994,0.805,15
A Moon For The Misbegotten 00,Walter Kerr,Play,97163,0.816875,5140269,0.724375,120
A Moon For The Misbegotten 07,Brooks Atkinson,Play,78866,0.9072727272727273,5912588,0.8018181818181819,71
A Naked Girl On The Appian Way,American Airlines,Play,57992,0.8158333333333333,3082541,0.7216666666666667,69
A Night With Janis Joplin,Lyceum,Musical,90089,0.7338095238095238,7234546,0.5342857142857143,140
A Raisin In The Sun,Royale,Play,116327,0.8993333333333333,7941028,0.8333333333333333,88
A Streetcar Named Desire '12,Broadhurst,Play,97561,0.653125,6060065,0.37,105
A Streetcar Named Desire 05,Studio 54,Play,77997,0.7393333333333334,4079447,0.6126666666666667,73
A Streetcar Named Desire 92,Ethel Barrymore,Play,146568,0.7966666666666667,5947347,0.7376190476190476,137
A Tale Of Two Cities,Al Hirschfeld,Musical,77436,0.5908333333333333,4655502,0.39916666666666667,60
A Thousand Clowns 01,Longacre,Play,56664,0.5708333333333333,2658624,0.425,83
A Time To Kill,Golden,Play,32130,0.74,1720560,0.3725,33
A Touch Of The Poet,Studio 54,Play,69042,0.7566666666666667,3609646,0.6291666666666667,58
A View From The Bridge,Criterion,Play,188903,0.7568571428571428,6475447,0.564,239
A View From The Bridge,Neil Simon,Play,188903,0.7568571428571428,6475447,0.564,239
A View From The Bridge '10,Cort,Play,116582,0.9735714285714286,10935941,0.9028571428571429,81
A View From The Bridge 2015,Lyceum,Play,115746,0.8005555555555556,8427267,0.56,115
A Year With Frog And Toad,Cort,Musical,40267,0.4345454545454545,1736421,0.31181818181818183,73
Absurd Person Singular,Biltmore,Play,37235,0.6809090909090909,1816196,0.4572727272727273,56
Accent On Youth,Friedman,Play,41751,0.675,2028775,0.37666666666666665,71
Act One,Vivian Beaumont,Play,72546,0.6823076923076923,4761068,0.3630769230769231,67
After Midnight,Brooks Atkinson,Musical,244603,0.8154054054054055,21234352,0.5889189189189189,273
After Miss Julie,American Airlines,Play,54538,0.7983333333333333,2534646,0.345,53
After The Fall,American Airlines,Play,57353,0.8475,2998486,0.725,53
After The Night And The Music,Biltmore,Play,33008,0.6609999999999999,1558313,0.436,38
"Ah, Wilderness",Vivian Beaumont,Play,66008,0.729090909090909,1721052,0.35090909090909095,54
Aida,Palace,Musical,2714193,0.8493670886075949,165928398,0.7737974683544304,1852
Airline Highway,Friedman,Play,36708,0.75,1521105,0.303,53
Aladdin,New Amsterdam,Musical,1753035,0.987984496124031,190338628,0.9634108527131783,1008
All About Me,Henry Miller (Rndabt),Musical,26494,0.5416666666666666,1354494,0.24666666666666667,20
All My Sons 08,Schoenfeld,Play,128332,0.92,11029640,0.8147058823529412,101
All Shook Up,Palace,Musical,298652,0.7225,14447491,0.4715625,213
All The Way,Neil Simon,Play,177511,0.7915000000000001,19492726,0.726,131
Allegiance,Longacre,Musical,113152,0.723157894736842,8614614,0.49526315789473685,111
Amadeus,Music Box,Play,116726,0.6713636363636364,5019461,0.48863636363636365,173
Amazing Grace,Nederlander,Musical,92670,0.5694444444444444,5540127,0.2866666666666667,116
American Buffalo,Belasco,Play,14607,0.5225,739550,0.305,8
American Idiot,St. James,Musical,510723,0.6675438596491228,39798052,0.5189473684210526,422
American Psycho,Schoenfeld,Musical,72358,0.8745454545454545,5627480,0.5363636363636364,54
Amour,Music Box,Musical,29103,0.63,1338399,0.37714285714285717,17
Amy'S View,Ethel Barrymore,Play,117926,0.935,5911176,0.794375,103
An Act Of God,Studio 54,Play,91199,0.9076923076923077,11082666,0.8807692307692307,76
An Act Of God 2016,Booth,Play,44188,0.705,3495760,0.42,75
An Almost Holy Picture,American Airlines,Play,56198,0.8636363636363636,2534937,0.6590909090909091,69
An American Daughter,Cort,Play,93476,0.7513333333333334,2712516,0.126,89
An American In Paris,Palace,Musical,799029,0.8117333333333333,78682788,0.7304,559
An Enemy Of The People,Friedman,Play,41886,0.7627272727272727,1967382,0.3281818181818182,59
An Evening With Jerry Herman,Booth,Musical,11345,0.3516666666666666,365391,0.205,28
An Evening With Patti Lupone And Mandy Patinkin,Ethel Barrymore,Special,41613,0.6277777777777778,3740974,0.46888888888888886,57
An Ideal Husband,Ethel Barrymore,Play,220920,0.6415000000000001,7755341,0.058499999999999996,307
Ann,Vivian Beaumont,Play,84060,0.5010526315789474,5251537,0.26263157894736844,132
Anna In The Tropics,Royale,Play,67446,0.4875,3115592,0.335,113
Annie,Martin Beck,Musical,253160,0.7059375,12836836,0.336875,239
Annie '12,Palace,Musical,677853,0.7890909090909091,59051957,0.6566666666666667,487
Annie Get Your Gun,Marquis,Musical,1415850,0.8213333333333334,82148713,0.7695555555555554,1045
Anything Goes '11,Stephen Sondheim,Musical,515954,0.9085714285714286,47288859,0.6582857142857143,521
Arcadia,Vivian Beaumont,Play,82522,0.74,2986504,0.6569230769230769,104
Arcadia '11,Ethel Barrymore,Play,78061,0.608235294117647,4881785,0.37411764705882355,108
Art,Royale,Play,529168,0.7956410256410257,24287247,0.691923076923077,600
Assassins,Studio 54,Musical,106080,0.914375,6024383,0.8275,101
August: Osage County,Imperial,Play,463842,0.6329761904761905,32835606,0.4980952380952381,648
August: Osage County,Music Box,Play,463842,0.6329761904761905,32835606,0.4980952380952381,648
Avenue Q,Golden,Musical,1731068,0.849563862928349,121918918,0.7562616822429906,2534
Awake And Sing!,Belasco,Play,74205,0.68714285714285706,3384141,0.4542857142857143,80
Aznavour,Marquis,Special,24766,0.65,1331285,0.6625,23
Baby It'S You!,Broadhurst,Musical,159952,0.7758333333333333,9111694,0.40458333333333335,148
Band In Berlin,Helen Hayes,Musical,10438,0.504,383380,0.284,17
Barbara Cook: Mostly Sondheim,Vivian Beaumont,Special,28176,0.8566666666666667,1202305,0.695,26
Barbara Cook'S Broadway,Vivian Beaumont,Special,10298,0.82,438437,0.6,7
Barefoot In The Park,Cort,Play,82769,0.5558823529411765,4501355,0.468235294117647,109
Barrymore,Music Box,Play,174965,0.703529411764706,6566575,0.6720588235294117,236
Bea Arthur On Broadway,Booth,Special,37143,0.54,1715877,0.4309090909090909,65
Beautiful,Stephen Sondheim,Musical,1092739,0.9337762237762237,143568862,0.8318881118881118,1080
Beauty And The Beast,Palace,Musical,7609397,0.8604202898550725,429158458,0.5626376811594203,5461
Beauty And The Beast,Lunt-Fontanne,Musical,7609397,0.8604202898550725,429158458,0.5626376811594203,5461
Bells Are Ringing,Plymouth,Musical,71017,0.6676923076923077,3527176,0.4461538461538461,68
Bengal Tiger At The Bagdhad Zoo,Richard Rodgers,Play,97721,0.5588235294117647,7889821,0.3911764705882353,108
Betrayal,American Airlines,Play,77520,0.893125,3934071,0.75875,89
Big Fish,Neil Simon,Musical,146730,0.8023529411764706,10858194,0.4894117647058823,98
Big River '03,American Airlines,Musical,60161,0.8691666666666668,2802669,0.5633333333333334,67
Bill Maher: Victory Begins At Home,Virginia,Special,12034,0.4,533861,0.3133333333333333,16
Billy Elliot: The Musical,Imperial,Musical,1787108,0.9298830409356725,183514378,0.8431578947368421,1312
Blackbird,Belasco,Play,107039,0.7342105263157894,7855675,0.49473684210526314,108
Blast!,Broadway,Musical,203655,0.62,8169127,0.3724,180
Blithe Spirit '09,Shubert,Play,162121,0.6638095238095238,11603724,0.5042857142857143,145
Bloody Bloody Andrew Jackson,Jacobs,Musical,91636,0.74,5629559,0.402,94
Bobbi Boland,Cort,Play,2570,0.34,100389,0.19,0
Boeing-Boeing,Longacre,Play,227265,0.7113157894736842,13951563,0.5578947368421052,279
Bombay Dreams,Broadway,Musical,366843,0.6645,22437579,0.51575,284
Bonnie And Clyde,Schoenfeld,Musical,56138,0.7844444444444444,3277347,0.4122222222222222,36
Born Yesterday '11,Cort,Play,58288,0.536923076923077,2792677,0.2692307692307692,73
Breakfast At Tiffany'S,Cort,Play,37872,0.6428571428571429,2475937,0.40285714285714286,38
Bridge And Tunnel,Helen Hayes,Play,102454,0.7663333333333334,6135555,0.539,213
Brief Encounter,Studio 54,Play,94033,0.7088235294117646,5210372,0.351764705882353,111
Bright Star,Cort,Musical,111483,0.7661111111111112,7474494,0.46944444444444444,109
Brighton Beach Memoirs '09,Nederlander,Play,21631,0.532,539369,0.156,9
"Bring In Da Noise, Bring In Da Funk",Ambassador,Musical,1118863,0.9145138888888888,54448939,0.40541666666666665,1135
Bring It On The Musical,St. James,Musical,180680,0.7104,11410177,0.42479999999999996,171
Broken Glass,Booth,Play,49960,0.7054545454545454,1393461,0.4572727272727273,73
Bronx Bombers,Circle In The Square,Play,29511,0.635,1212059,0.2275,29
Brooklyn,Plymouth,Musical,196826,0.607,10108600,0.3635,284
Brooklyn,Schoenfeld,Musical,196826,0.607,10108600,0.3635,284
Brooklyn Boy,Biltmore,Play,43367,0.7854545454545455,2135668,0.5418181818181818,62
Bullets Over Broadway,St. James,Musical,226497,0.7383333333333333,18176367,0.5129166666666667,156
Burn The Floor,Longacre,Musical,145582,0.7288,9285678,0.4996,185
Butley,Booth,Play,74286,0.8333333333333333,5424237,0.7240000000000001,94
Buttons On Broadway,Ambassador,Special,1684,0.25,27020,0.09,3
By Jeeves,Helen Hayes,Musical,35902,0.7081818181818181,2090954,0.5154545454545455,73
Bye Bye Birdie,Henry Miller (Rndabt),Musical,152597,0.948,11485459,0.5885,117
Cabaret '14,Studio 54,Musical,350148,0.9296296296296296,41150028,0.7764814814814816,388
Cabaret 98,Kit Kat Klub,Musical,1919198,0.911546052631579,119389439,0.7519407894736843,2377
Cabaret 98,Studio 54 ('98),Musical,1919198,0.911546052631579,119389439,0.7519407894736843,2377
Candide,Gershwin,Musical,146016,0.6793333333333333,5065916,0.18733333333333335,104
"Caroline, Or Change",Eugene O'Neill,Musical,120494,0.722,7527718,0.5045000000000001,136
Casa Valentina,Friedman,Play,54116,0.8146153846153846,3028464,0.40692307692307694,79
Cat On A Hot Tin Roof '12,Richard Rodgers,Play,120057,0.7366666666666667,11661203,0.6073333333333334,84
Cat On A Hot Tin Roof 03,Music Box,Play,124967,0.7109090909090909,8898242,0.6968181818181819,145
Cat On A Hot Tin Roof 08,Broadhurst,Play,162346,0.9152631578947369,12603337,0.8521052631578948,125
Catch Me If You Can,Neil Simon,Musical,242671,0.8623076923076922,16863570,0.5153846153846154,166
Cats,Winter Garden,Musical,2290852,0.7696015936254981,106573965,0.41079681274900404,2008
Cats 2016,Neil Simon,Musical,43019,0.9520000000000001,4404457,0.7859999999999999,17
Chaplin,Ethel Barrymore,Musical,118148,0.71,8518390,0.43799999999999994,135
Chicago,Richard Rodgers,Musical,8123328,0.8230910852713178,560575239,0.6453197674418605,8202
Chicago,Shubert,Musical,8123328,0.8230910852713178,560575239,0.6453197674418605,8202
Chicago,Ambassador,Musical,8123328,0.8230910852713178,560575239,0.6453197674418605,8202
China Doll,Schoenfeld,Play,86727,0.8613333333333334,12630662,0.8773333333333333,54
Chinglish,Longacre,Play,72385,0.523125,4325401,0.310625,109
Chita Rivera: The Dancer'S Life,Schoenfeld,Musical,57822,0.5876923076923076,3563420,0.41692307692307695,72
Chitty Chitty Bang Bang,Hilton Theatre,Musical,426915,0.7463414634146343,27509505,0.5704878048780487,285
Chronicle Of A Death Foretold,Plymouth,Musical,4973,0.61,103769,0.54,0
Cinderella,Broadway,Musical,1039923,0.7440196078431373,88166620,0.5727450980392157,769
Cirque Dreams: Jungle Fantasy,Broadway,Special,92789,0.665,5166140,0.507,70
Closer,Music Box,Play,131326,0.6895833333333333,5318897,0.5454166666666667,172
Clybourne Park,Walter Kerr,Play,133198,0.7617391304347827,8767402,0.44608695652173913,157
Colin Quinn - An Irish Wake,Helen Hayes,Play,6542,0.4625,241753,0.4175,22
Colin Quinn: Long Story Short,Helen Hayes,Play,53090,0.583,3075662,0.366,135
Collected Stories,Friedman,Play,32239,0.65,1348639,0.297,54
"Come Back, Little Sheba",Biltmore,Play,37416,0.6718181818181819,2052427,0.41727272727272724,58
Come Fly Away,Marquis,Musical,218299,0.6362962962962962,18368158,0.4548148148148148,188
Company 06,Ethel Barrymore,Musical,179752,0.6117142857142857,12312349,0.4717142857142857,246
Company 95,Criterion,Musical,3493,1,173012,0.73,0
Constellations,Friedman,Play,66543,0.9723076923076923,6642180,0.6915384615384617,76
Contact,Vivian Beaumont,Musical,931293,0.8396946564885497,60218526,0.703969465648855,1010
Copenhagen,Royale,Play,263203,0.7052272727272727,11570839,0.573409090909091,326
Coram Boy,Imperial,Play,33065,0.49166666666666664,1602370,0.2816666666666667,30
Cry Baby,Marquis,Musical,120932,0.6926666666666667,4077104,0.382,68
Curtains,Al Hirschfeld,Musical,582455,0.7620588235294118,43628368,0.6038235294117648,511
Cymbeline,Vivian Beaumont,Play,41739,0.54,2080001,0.315,40
Cyrano De Bergerac,Richard Rodgers,Play,93392,0.9009090909090909,8098290,0.979090909090909,56
Cyrano De Bergerac '12,American Airlines,Play,45837,0.7454545454545455,2369149,0.3190909090909091,52
Dame Edna:  Back With A Vengeance,Music Box,Play,110199,0.6119230769230769,7021853,0.5130769230769231,163
Dame Edna: The Royal Tour,Booth,Play,203582,0.7916666666666667,9815693,0.825,297
Dames At Sea,Helen Hayes,Musical,45367,0.67,2540354,0.306,85
Dance Of Death,Broadhurst,Play,108898,0.6788235294117646,5426431,0.5147058823529411,108
Dance Of The Vampires,Minskoff,Musical,156118,0.8006666666666666,9431254,0.5553333333333333,56
Dead Accounts,Music Box,Play,39768,0.5566666666666666,3089827,0.35444444444444445,44
Death Of A Salesman '12,Ethel Barrymore,Play,110550,0.9875,12868982,0.930625,78
Death Of A Salesman 99,Eugene O'Neill,Play,293385,0.925,15190655,0.877,274
Def Poetry Jam,Longacre,Play,99641,0.4218518518518518,3377597,0.32666666666666666,198
Defending The Caveman,Helen Hayes,Play,221777,0.7484415584415585,8314428,0.013636363636363636,467
Defending The Caveman,Booth,Play,221777,0.7484415584415585,8314428,0.013636363636363636,467
Democracy,Brooks Atkinson,Play,124982,0.62875,7091677,0.4345833333333334,173
Design For Living 01,American Airlines,Play,60606,0.83,2984209,0.6907692307692308,69
Desire Under The Elms,St. James,Play,26397,0.39333333333333337,1381950,0.215,32
Deuce,Music Box,Play,86895,0.5842105263157894,5361739,0.42473684210526313,121
Dinner At Eight,Vivian Beaumont,Play,61990,0.763,2606844,0.473,45
Dirty Blonde,Helen Hayes,Play,163977,0.745531914893617,7925422,0.5974468085106382,352
Dirty Rotten Scoundrels,Imperial,Musical,808025,0.8489156626506024,58033865,0.736987951807229,627
Disaster!,Nederlander,Musical,70701,0.5684615384615385,4293431,0.2976923076923077,72
Disgraced,Lyceum,Play,114762,0.7152173913043478,8534968,0.4978260869565217,149
Dividing The Estate,Booth,Play,51037,0.81,2796827,0.5427272727272727,50
Doctor Zhivago,Broadway,Musical,54370,0.7628571428571429,3197457,0.43142857142857144,23
Don'T Dress For Dinner,American Airlines,Play,48420,0.7175,2130070,0.28,61
Donny & Marie: A Broadway Christmas,Marquis,Special,24979,0.765,2843463,0.6875,20
Doubt,Walter Kerr,Play,406085,0.798840579710145,27656473,0.7275362318840579,525
Dr. Seuss' How The Grinch Stole Christmas!,Hilton Theatre,Musical,189320,0.7972727272727274,13343784,0.7063636363636364,107
Dr. Seuss' How The Grinch Stole Christmas! 07,St. James,Musical,133583,0.6933333333333332,9559565,0.5722222222222222,96
"Dracula, The Musical",Belasco,Musical,106028,0.5821739130434783,6109526,0.4673913043478261,157
Dream: The Johnny Mercer Musical,Royale,Musical,84598,0.6158823529411764,3311853,0.09588235294117647,109
Driving Miss Daisy,Golden,Play,131694,0.8185185185185184,13586627,0.7185185185185184,180
Drowning Crow,Biltmore,Play,33799,0.679,1619255,0.46799999999999997,54
Eclipsed,Golden,Play,77911,0.7217647058823529,5744145,0.42411764705882354,121
Elaine Stritch At Liberty,Neil Simon,Musical,84481,0.79625,5000248,0.735625,69
Electra,Ethel Barrymore,Play,108893,0.7577777777777777,4629683,0.6816666666666668,116
Elf,Al Hirschfeld,Musical,91840,0.8977777777777777,10335917,0.7866666666666667,57
Elf '12,Al Hirschfeld,Musical,85472,0.8155555555555556,8156846,0.5988888888888888,74
Elling,Ethel Barrymore,Play,20665,0.6325,686837,0.1975,9
Enchanted April,Belasco,Play,85013,0.49,3492109,0.3119047619047619,143
End Of The Rainbow,Belasco,Play,99053,0.5690909090909091,6856068,0.38272727272727275,160
Enron,Broadhurst,Play,27431,0.612,1489074,0.294,16
Epic Proportions,Helen Hayes,Play,36214,0.506,1317751,0.29133333333333333,93
Equus,Broadhurst,Play,140597,0.6673913043478261,11962267,0.5886956521739131,156
Eugene Onegin,Martin Beck,Special,4047,0.44,97542,0.24,7
Everyday Rapture,American Airlines,Musical,53366,0.75,2358299,0.3016666666666667,85
Evita,Marquis,Musical,474853,0.815,52678175,0.7019565217391305,337
Exit The King,Ethel Barrymore,Play,96429,0.8113333333333334,6703380,0.5920000000000001,93
Faith Healer,Booth,Play,99297,0.936470588235294,7583448,0.8458823529411765,117
Fela!,Eugene O'Neill,Musical,428660,0.8368253968253968,31991438,0.589047619047619,463
Fela! '12,Al Hirschfeld,Musical,28741,0.655,1461335,0.32,28
Festen,Music Box,Play,35065,0.5155555555555555,1853946,0.3377777777777778,49
Fiddler On The Roof 04,Minskoff,Musical,959006,0.6946601941747573,57635884,0.5280582524271845,781
Fiddler On The Roof 2015,Broadway,Musical,394590,0.762051282051282,34433246,0.5848717948717949,271
Finding Neverland,Lunt-Fontanne,Musical,713876,0.8088,63493938,0.5869333333333333,557
Finian'S Rainbow,St. James,Musical,132659,0.6866666666666668,7888826,0.44799999999999995,92
First Date,Longacre,Musical,159061,0.7146153846153847,10018641,0.4469230769230769,174
Flower Drum Song,Virginia,Musical,173290,0.7348,11264444,0.5396,169
Follies,Belasco,Musical,128928,0.8773684210526317,7080718,0.7757894736842106,117
Follies '11,Marquis,Musical,216360,0.722,19566692,0.5379999999999999,152
Fool For Love,Friedman,Play,52876,0.8261538461538461,3721858,0.4492307692307692,75
Fool Moon '98,Brooks Atkinson,Special,44657,0.7685714285714286,1686553,0.6228571428571429,49
Footloose,Richard Rodgers,Musical,780117,0.7956043956043957,37134917,0.6167032967032967,709
Forever Tango '04,Shubert,Musical,47838,0.272,2477612,0.19533333333333336,114
Forever Tango '13,Walter Kerr,Special,49419,0.6659999999999999,3041368,0.345,73
Forever Tango '97,Walter Kerr,Special,350842,0.7089655172413794,13872413,0.47913793103448277,458
Forever Tango '97,Marquis,Special,350842,0.7089655172413794,13872413,0.47913793103448277,458
Fortune'S Fool,Music Box,Play,98735,0.634,4318899,0.4305,127
Fosse,Broadhurst,Musical,1121921,0.8835714285714286,68997054,0.7620714285714285,1093
Frankie And Johnny In The Claire De Lune,Belasco,Play,195423,0.7296969696969697,11458493,0.7051515151515152,243
Frankie Valli And The Four Seasons On Broadway,Broadway,Special,11401,0.93,1404082,1,7
Frost/Nixon,Jacobs,Play,141445,0.8266666666666667,9395227,0.67,137
Frozen,Circle In The Square,Play,55085,0.6288235294117647,2252052,0.33294117647058824,128
Fully Committed,Lyceum,Play,93227,0.7305555555555556,7068657,0.49833333333333335,112
Fun Home,Circle In The Square,Musical,394799,0.9291780821917809,39767095,0.7016438356164383,551
Garden District,Circle In The Square,Play,23007,0.63,510674,0.4228571428571428,31
Gem Of The Ocean,Walter Kerr,Play,54245,0.6645454545454546,2577530,0.4390909090909091,72
George Gershwin Alone,Helen Hayes,Play,27495,0.4114285714285715,1055351,0.23785714285714285,96
Getting And Spending,Helen Hayes,Play,14353,0.38375,484281,0.36875,41
Ghetto Klown,Lyceum,Play,84440,0.7655,6179540,0.584,95
Ghost,Lunt-Fontanne,Musical,186851,0.7247826086956521,13339472,0.4669565217391305,136
Gigi,Neil Simon,Musical,96860,0.6714285714285714,7028015,0.40142857142857147,86
Glengarry Glen Ross '05,Royale,Play,135411,0.7671428571428571,8532405,0.6185714285714285,137
Glengarry Glen Ross '05,Jacobs,Play,135411,0.7671428571428571,8532405,0.6185714285714285,137
Glory Days,Circle In The Square,Musical,3719,0.28,111283,0.09666666666666666,1
God Of Carnage,Jacobs,Play,414191,0.808360655737705,37345584,0.7,452
Godspell,Circle In The Square,Musical,160892,0.7454054054054055,11106035,0.39972972972972975,264
Golda'S Balcony,Helen Hayes,Play,180557,0.6043076923076923,9309657,0.33092307692307693,493
Golden Boy,Belasco,Play,54318,0.6645454545454546,3106647,0.3745454545454545,53
Golden Child,Longacre,Play,34346,0.396,828439,0.23399999999999999,69
Good People,Friedman,Play,81075,0.975,5925428,0.631875,101
Good Vibrations,Eugene O'Neill,Musical,90770,0.5833333333333334,5511066,0.42611111111111116,94
Gore Vidal'S The Best Man,Virginia,Play,112255,0.6558823529411765,5998667,0.5611764705882353,121
Gore Vidal'S The Best Man '12,Schoenfeld,Play,185919,0.81,18329754,0.6285185185185186,185
Grace,Cort,Play,85684,0.6205882352941177,6479055,0.43588235294117644,108
Grease,Eugene O'Neill,Musical,771640,0.8185981308411214,36713376,0.21869158878504674,858
Grease 07,Brooks Atkinson,Musical,551325,0.879054054054054,47473854,0.8178378378378379,554
Grey Gardens,Walter Kerr,Musical,234344,0.7497674418604652,17542980,0.6037209302325581,307
Guys And Dolls '09,Nederlander,Musical,152117,0.8447368421052631,10220561,0.5521052631578948,121
Gypsy '03,Shubert,Musical,549037,0.7849180327868852,37762532,0.6539344262295081,451
Gypsy '08,St. James,Musical,441949,0.7211111111111111,31430300,0.5624444444444445,332
Hair,Al Hirschfeld,Musical,613014,0.7927536231884058,50570863,0.5981159420289854,519
Hair '11,St. James,Musical,69713,0.515,3453758,0.295,67
Hairspray,Neil Simon,Musical,3418653,0.8958035714285714,252181270,0.7606845238095238,2642
Hamlet '09,Broadhurst,Play,99759,0.8746153846153847,10010252,0.8284615384615384,72
Hamlet 95,Belasco,Play,105388,0.9746666666666667,5094936,0.9606666666666667,91
Hand To God,Booth,Play,173143,0.6693023255813954,12134434,0.4476744186046512,311
Hands On A Hardbody,Brooks Atkinson,Musical,41856,0.74375,1597428,0.2375,28
Harvey,Studio 54,Play,93579,0.9891666666666667,6802810,0.6258333333333334,62
Having Our Say,Booth,Play,155631,0.6708108108108108,4589010,0.43972972972972973,277
Heartbreak House,American Airlines,Play,67971,0.842857142857143,3177764,0.6114285714285714,79
Hedda Gabler 01,Ambassador,Play,83031,0.5705882352941177,3297340,0.38882352941176473,117
Hedda Gabler 09,American Airlines,Play,56067,0.8016666666666667,2742238,0.42916666666666664,74
Hedwig And The Angry Inch,Belasco,Musical,459696,0.8645454545454545,50259435,0.8594805194805195,507
"Hello, Dolly!",Lunt-Fontanne,Musical,9049,0.9,323839,0.53,0
Henry Iv,Vivian Beaumont,Play,77060,0.94,4870242,0.7075,58
High,Booth,Play,18112,0.644,449955,0.192,7
High Fidelity,Imperial,Musical,20022,0.435,1096116,0.28,14
High Society,St. James,Musical,168193,0.600909090909091,7317557,0.7159090909090909,144
Holiday,Circle In The Square,Play,4272,0.62,92284,0.27,0
Holler If Ya Hear Me,Palace,Musical,37161,0.6142857142857143,1209478,0.19571428571428573,38
Hollywood Arms,Cort,Play,47006,0.42153846153846153,2043835,0.34307692307692306,76
Honeymoon In Vegas,Nederlander,Musical,117945,0.649,7609536,0.336,93
Honour,Belasco,Play,41160,0.4881818181818182,1132819,0.3181818181818182,57
Hot Feet,Hilton Theatre,Musical,76824,0.39285714285714285,3766746,0.21714285714285717,97
How To Succeed In Business Without Really Trying,Richard Rodgers,Musical,80162,0.9175,3726626,0.125,64
How To Succeed In Business Without Really Trying '11,Al Hirschfeld,Musical,628957,0.8827692307692309,59740764,0.6967692307692307,473
Hughie 2016,Booth,Play,31993,0.7557142857142857,2023264,0.38,37
I Am My Own Wife,Lyceum,Play,176011,0.6496,8648562,0.4506,360
I'M Not Rappaport '02,Booth,Play,21365,0.39555555555555555,793377,0.22,53
I'M Still Here...Damn It!,Booth,Play,32876,0.6745454545454546,1228086,0.5527272727272727,51
If You Ever Leave Me<85>I'M Going With You,Cort,Play,36852,0.434,1361049,0.319,53
If/Then,Richard Rodgers,Musical,453766,0.8074074074074075,39635141,0.5742592592592592,401
Il Divo - A Musical Affair,Marquis,Special,9241,0.96,1308223,0.99,6
Imaginary Friends,Ethel Barrymore,Play,50516,0.49583333333333335,2857950,0.38166666666666665,76
Impressionism,Schoenfeld,Play,44558,0.5463636363636364,2776558,0.3581818181818182,56
In My Life,Music Box,Musical,32307,0.3854545454545455,1557164,0.21909090909090911,61
In The Heights,Richard Rodgers,Musical,1322889,0.8063815789473684,105302946,0.6685526315789474,1184
In The Next Room Or The Vibrator Play,Lyceum,Play,47282,0.5675,2129999,0.3175,60
Indiscretions,Ethel Barrymore,Play,6549,0.75,280896,0.62,8
Inherit The Wind 07,Lyceum,Play,99852,0.844375,6805286,0.816875,100
Into The Woods '02,Broadhurst,Musical,233472,0.6889473684210526,14731618,0.5205263157894737,279
Irena'S Vow,Walter Kerr,Play,64931,0.535625,3070112,0.30625,105
Irving Berlin'S White Christmas,Marquis,Musical,92638,0.87875,9354235,0.88625,53
Irving Berlin'S White Christmas '09,Marquis,Musical,70716,0.6825,6872694,0.55125,51
Is He Dead?,Lyceum,Play,58357,0.523125,2882050,0.348125,105
It Ain'T Nothin' But The Blues,Vivian Beaumont,Musical,170092,0.5310810810810811,6752894,0.35567567567567565,284
It Ain'T Nothin' But The Blues,Ambassador,Musical,170092,0.5310810810810811,6752894,0.35567567567567565,284
It Shoulda Been You,Brooks Atkinson,Musical,122504,0.7347619047619048,7881052,0.3876190476190476,135
It'S Only A Play,Schoenfeld,Play,293622,0.8529268292682928,37500966,0.7929268292682927,274
It'S Only A Play,Jacobs,Play,293622,0.8529268292682928,37500966,0.7929268292682927,274
Ivanov,Vivian Beaumont,Play,83270,0.9227272727272726,2953109,0.6563636363636364,51
Jackie Mason:  Freshly Squeezed,Helen Hayes,Play,53002,0.4880769230769231,2964688,0.34384615384615386,172
Jackie Mason:  Politically Incorrect,Golden,Play,2343,0.42,57491,0.25,7
Jackie Mason: Much Ado About Everything,Golden,Play,112483,0.8624324324324324,5303427,0.7586486486486487,186
Jackie Mason'S Laughing Room Only,Brooks Atkinson,Musical,21844,0.4666666666666666,1015629,0.29833333333333334,14
Jackie: An American Life,Belasco,Play,69868,0.43476190476190474,2261732,0.31523809523809526,128
James Joyce'S The Dead,Belasco,Musical,91086,0.6338888888888888,4376057,0.5388888888888889,120
Jane Eyre,Brooks Atkinson,Musical,168879,0.6767741935483871,8083185,0.4451612903225806,209
Jay Johnson: The Two And Only,Helen Hayes,Play,12107,0.257,587011,0.16,70
Jekyll & Hyde,Plymouth,Musical,1403224,0.8302010050251256,78056883,0.6779899497487437,1543
Jekyll & Hyde '13,Marquis,Musical,39385,0.5483333333333333,2470240,0.29,30
Jerry Seinfeld,Broadhurst,Special,11060,1,774652,1,10
Jersey Boys,Virginia,Musical,4971699,0.9010973451327433,538533258,0.9187964601769911,4466
Jersey Boys,August Wilson,Musical,4971699,0.9010973451327433,538533258,0.9187964601769911,4466
Jerusalem,Music Box,Play,118970,0.7366666666666667,8004618,0.44238095238095243,141
Jesus Christ Superstar,Ford Center (Tcn),Musical,250225,0.73375,11284435,0.53625,161
Jesus Christ Superstar '12,Neil Simon,Musical,141223,0.7216666666666667,10882991,0.5088888888888888,116
Joe Turner'S Come And Gone '09,Belasco,Play,66014,0.6469230769230769,3022226,0.3853846153846154,69
Journey'S End,Belasco,Play,53094,0.37222222222222223,2514849,0.24055555555555558,125
Judgment At Nuremberg,Longacre,Play,57914,0.5346153846153846,2025590,0.33153846153846156,56
Julius Caesar,Belasco,Play,102854,0.9214285714285714,8543103,0.9535714285714286,81
Jumpers,Brooks Atkinson,Play,78865,0.7271428571428571,3957158,0.4764285714285715,89
Kat And The Kings,Cort,Musical,94995,0.5077272727272727,3418286,0.31136363636363634,157
Kathy Griffin Wants A Tony,Belasco,Special,9934,0.975,1021880,0.965,10
Kiki & Herb: Alive On Broadway,Helen Hayes,Musical,9520,0.506,619680,0.374,27
King Charles Iii,Music Box,Play,98107,0.8141176470588235,9411612,0.6076470588235294,103
King David,New Amsterdam,Special,12745,0.825,677313,0.67,6
King Hedley Ii,Virginia,Play,68803,0.5691666666666666,2479599,0.39333333333333337,72
King Lear,Vivian Beaumont,Play,49281,0.96,2832254,0.635,33
Kinky Boots,Al Hirschfeld,Musical,1779797,0.8708839779005525,204828647,0.7929281767955801,1402
"Kiss Me, Kate",Martin Beck,Musical,1056908,0.8142105263157895,65051743,0.7398245614035087,882
Kiss Of The Spider Woman,Broadhurst,Musical,4537,0.5,186660,0.35,8
La Bete '10,Music Box,Play,73042,0.58625,4382858,0.303125,101
La Boh<e8>me,Broadway,Musical,284906,0.6925806451612904,20773921,0.66032258064516125,228
La Cage Aux Folles '04,Marquis,Musical,275385,0.6781818181818181,16381491,0.48545454545454547,229
La Cage Aux Folles '10,Longacre,Musical,347661,0.7339285714285714,29057813,0.5696428571428571,433
Lady Day At Emerson'S Bar & Grill,Circle In The Square,Play,124376,0.9433333333333332,14085440,0.81,173
Latinologues,Helen Hayes,Play,26013,0.348125,1104272,0.275625,93
Laugh Whore,Cort,Play,39329,0.4708333333333334,1828501,0.345,66
Leap Of Faith,St. James,Musical,50021,0.8383333333333333,1343840,0.1733333333333333,19
Legally Blonde,Palace,Musical,814072,0.7711392405063292,56338126,0.7178481012658228,595
Lend Me A Tenor '10,Music Box,Play,121572,0.6852173913043478,8249462,0.39260869565217393,153
Lennon,Broadhurst,Musical,54449,0.5041666666666667,3596685,0.4725,49
Les Liaisons Dangereuses 08,American Airlines,Play,63853,0.8730769230769231,3161855,0.4646153846153846,77
Les Miserables,Imperial,Musical,3466401,0.8422465753424657,171395852,0.6362739726027398,2907
Les Miserables '14,Imperial,Musical,1176491,0.8176744186046512,105089275,0.6724806201550387,1000
Les Miserables 2006,Broadhurst,Musical,465661,0.8611475409836065,35140652,0.6832786885245902,463
Lestat,Palace,Musical,80434,0.728,4630419,0.575,39
Let It Be,St. James,Special,48350,0.5142857142857143,2535797,0.2785714285714286,46
Life X 3,Circle In The Square,Play,79272,0.8175,4570880,0.59,104
Little Me,Criterion,Musical,64069,0.9055555555555556,3266231,0.6144444444444445,99
Little Shop Of Horrors,Virginia,Musical,350389,0.7053846153846153,20607589,0.5201923076923076,372
Little Women,Virginia,Musical,153439,0.65375,9793281,0.48333333333333334,137
Living On Love,Longacre,Play,27322,0.6940000000000001,811148,0.196,16
Liza'S At The Palace,Palace,Special,31431,0.848,3059851,0.86,22
Lombardi,Circle In The Square,Play,147379,0.6788571428571428,9313391,0.37200000000000005,244
London Assurance,Criterion,Play,39976,0.9272727272727274,1493967,0.24272727272727274,72
Long Day'S Journey Into Night 03,Plymouth,Play,130827,0.9526315789473684,11333178,0.958421052631579,117
Long Day'S Journey Into Night 2016,American Airlines,Play,59821,0.9646153846153847,5153917,0.7407692307692308,61
Looped,Lyceum,Play,31207,0.57,1262525,0.26125,33
Lord Of The Dance: Dangerous Games,Lyric,Special,58276,0.4388888888888889,3616869,0.2677777777777778,67
Losing Louie,Biltmore,Play,30824,0.618,1548011,0.39899999999999997,53
Love / Life,Vivian Beaumont,Special,6914,0.84,280480,0.586,8
Love Letters 2014,Brooks Atkinson,Play,59467,0.5585714285714285,4124389,0.36642857142857144,95
Love! Valour! Compassion!,Walter Kerr,Play,4154,0.55,120573,0.41,8
Lovemusik,Biltmore,Musical,41203,0.79,2494723,0.4918181818181818,60
Lysistrata Jones,Walter Kerr,Musical,39217,0.6766666666666667,1391172,0.21666666666666667,30
Ma Rainey'S Black Bottom '03,Royale,Play,45737,0.52,2427214,0.4027272727272727,68
Macbeth '13,Ethel Barrymore,Play,63681,0.7273333333333334,5202863,0.5,73
Macbeth '13 (Lct),Vivian Beaumont,Play,67264,0.7216666666666667,4251441,0.36916666666666664,60
Macbeth 00,Music Box,Play,10926,0.54,489308,0.6066666666666667,13
Macbeth 08,Lyceum,Play,51048,0.8833333333333333,4105572,0.8966666666666667,52
Machinal,American Airlines,Play,40813,0.6990909090909091,2123256,0.3109090909090909,52
Magic/Bird,Longacre,Play,34446,0.52125,1136102,0.17,37
Major Barbara,American Airlines,Play,65138,0.8185714285714286,3217456,0.6814285714285714,74
Mamma Mia!,Winter Garden,Musical,7566124,0.9000965517241378,624391693,0.7510482758620689,5758
Mamma Mia!,Cadillac Winter Garden,Musical,7566124,0.9000965517241378,624391693,0.7510482758620689,5758
Mamma Mia!,Broadhurst,Musical,7566124,0.9000965517241378,624391693,0.7510482758620689,5758
Man And Boy,American Airlines,Play,53701,0.795,3095607,0.4091666666666666,57
Man Of La Mancha 02,Martin Beck,Musical,343317,0.7534146341463415,22483426,0.5946341463414634,304
Man Of La Mancha 02,Al Hirschfeld,Musical,343317,0.7534146341463415,22483426,0.5946341463414634,304
Mandy Patinkin In Concert: Mamaloshen,Belasco,Special,17344,0.615,726465,0.58,28
Manilow On Broadway,St. James,Special,35432,0.8116666666666668,4160716,0.7333333333333333,25
Marc Salem'S Mind Games,Lyceum,Special,6866,0.795,287897,0.2995833333333333,30
Marie Christine,Vivian Beaumont,Musical,69819,0.8081818181818181,2982095,0.49636363636363634,42
Mark Twain Tonight!,Brooks Atkinson,Play,12184,0.64,617468,0.4766666666666666,15
Marlene,Cort,Musical,21342,0.496,681313,0.36,25
Martin Short: Fame Becomes Me,Jacobs,Musical,143480,0.7495833333333333,10842526,0.61125,165
Mary Poppins,New Amsterdam,Musical,3878444,0.8158982035928143,294558648,0.6856287425149701,2619
Mary Stuart,Broadhurst,Play,103007,0.5625,6088106,0.3625,137
Master Class,Golden,Play,280797,0.8327868852459016,9350941,0.026557377049180327,413
Master Class '11,Friedman,Play,52956,0.8866666666666667,3244777,0.48833333333333334,67
Master Harold<85>And The Boys,Royale,Play,55872,0.647,2276295,0.41700000000000004,49
Match,Plymouth,Play,49757,0.5772727272727273,2333156,0.38909090909090904,53
Matilda,Shubert,Musical,1885281,0.9199444444444445,180252576,0.7871666666666667,1394
Matters Of The Heart,Vivian Beaumont,Special,17160,0.835,628230,0.529,11
Mauritius,Biltmore,Play,41237,0.7427272727272727,2293948,0.48363636363636364,61
Medea 02,Brooks Atkinson,Play,58891,0.6725,2454181,0.4091666666666666,78
Memphis,Shubert,Musical,1380731,0.7857999999999999,104453840,0.5719333333333334,1165
Metamorphoses,Circle In The Square,Play,199094,0.7419230769230769,10455094,0.5915384615384616,400
Mike Tyson: Undisputed Truth,Longacre,Special,9160,0.71,1204618,0.71,10
Million Dollar Quartet,Nederlander,Musical,379726,0.6021212121212121,28585196,0.39515151515151514,489
Minnelli On Minnelli,Palace,Special,29519,0.672,2549836,0.6779999999999999,20
Misery,Broadhurst,Play,112692,0.7464705882352941,12518415,0.6370588235294118,102
Miss Saigon,Broadway,Musical,5843972,0.8593660531697341,272191859,0.2931288343558282,3885
Monty Python'S Spamalot,Shubert,Musical,2075781,0.8952475247524753,168067350,0.8573762376237624,1575
Moon Over Buffalo,Martin Beck,Play,131262,0.82375,4904023,0.454375,101
More To Love: A Big Fat Comedy,Eugene O'Neill,Play,8855,0.39,247279,0.2333333333333333,5
"Morning, Noon And Night",Vivian Beaumont,Special,15504,0.7463636363636365,504719,0.5936363636363636,12
Morning'S At Seven,Lyceum,Play,75829,0.5838888888888889,2766340,0.39111111111111113,112
Mothers And Sons,Golden,Play,60704,0.555,3558406,0.2727777777777778,104
Motown The Musical,Lunt-Fontanne,Musical,1063474,0.9130927835051547,115002552,0.8388659793814434,738
Motown The Musical 2016,Nederlander,Musical,19902,0.71,1496081,0.43333333333333335,24
Movin' Out,Richard Rodgers,Musical,1436759,0.8153293413173652,99919701,0.7156287425149701,1303
Mrs. Warren'S Profession,American Airlines,Play,56201,0.7615384615384616,2917482,0.35769230769230764,65
Never Gonna Dance,Broadhurst,Musical,101949,0.6775,6287836,0.4925,84
Newsies,Nederlander,Musical,1156757,0.952734375,109000717,0.801875,1004
Next Fall,Helen Hayes,Play,57552,0.6185,3056830,0.297,132
Next To Normal,Booth,Musical,473884,0.8136842105263158,31764486,0.5385263157894736,733
Nice Work If You Can Get It,Imperial,Musical,543472,0.749375,51461746,0.5884375,478
Night Must Fall,Lyceum,Play,81461,0.6859999999999999,2927757,0.48700000000000004,119
Night Must Fall,Helen Hayes,Play,81461,0.6859999999999999,2927757,0.48700000000000004,119
Nine,Eugene O'Neill,Musical,302226,0.9415384615384617,24448759,0.9912820512820513,283
No Man'S Land/Waiting For Godot,Cort,Play,160950,0.8552173913043478,14346510,0.7326086956521739,145
Noises Off '01,Brooks Atkinson,Play,298100,0.7693478260869565,14678125,0.6106521739130435,348
Noises Off 2016,American Airlines,Play,68317,0.9361538461538461,5339351,0.66,67
Not About Nightingales,Circle In The Square,Play,59027,0.7605555555555555,2465086,0.5405555555555556,125
November,Ethel Barrymore,Play,160076,0.635,11194646,0.5383333333333333,205
Of Mice And Men,Longacre,Play,155377,0.9726315789473684,15938704,0.9089473684210526,118
Oklahoma!,Gershwin,Musical,549805,0.8015094339622642,34961595,0.6739622641509433,388
Old Acquaintance,American Airlines,Play,42829,0.6291666666666667,1809462,0.4041666666666666,61
Old Times,American Airlines,Play,52787,0.8418181818181819,4039575,0.6045454545454545,64
Oleanna,Golden,Play,39824,0.623,2177335,0.309,65
On A Clear Day You Can See Forever,St. James,Musical,88565,0.765,7253179,0.5133333333333333,57
On Golden Pond,Cort,Play,54757,0.4592857142857143,2947551,0.35857142857142854,93
On The Town,Gershwin,Musical,143790,0.7538461538461538,5236292,0.5653846153846154,69
On The Town 2014,Lyric,Musical,463044,0.6296078431372549,30840328,0.3488235294117647,368
On The Twentieth Century,American Airlines,Musical,123479,0.9656521739130435,11298280,0.6230434782608696,144
On Your Feet!,Marquis,Musical,433688,0.7484444444444445,44153666,0.6344444444444445,322
Once,Jacobs,Musical,1082027,0.8579194630872483,110306780,0.7184563758389261,1168
One Flew Over The Cuckoo'S Nest,Royale,Play,122341,0.812,6477718,0.69,121
"One Man, Two Guvnors",Music Box,Play,140382,0.8409090909090909,13071416,0.6559090909090909,159
One Mo' Time,Longacre,Musical,13080,0.324,514302,0.314,21
Orphans,Schoenfeld,Play,55985,0.8175,4056117,0.495,37
Other Desert Cities,Booth,Play,171304,0.7883333333333333,14799861,0.6177777777777778,261
Our Mother'S Brief Affair,Friedman,Play,35508,0.727,1727741,0.298,53
Our Town 02,Booth,Play,55571,0.97,3757006,0.96,59
Outside Mullingar,Friedman,Play,50227,0.9245454545454546,3351777,0.520909090909091,61
Pacific Overtures,Studio 54,Musical,71420,0.8341666666666667,3770036,0.7166666666666667,69
Pal Joey,Studio 54,Musical,103821,0.849375,5574587,0.509375,85
Parade,Vivian Beaumont,Musical,104752,0.780625,4349262,0.604375,85
Paramour,Lyric,Musical,182511,0.7916666666666667,16566410,0.6477777777777777,94
Passing Strange,Belasco,Musical,97370,0.52125,5161374,0.3158333333333333,165
Patti Labelle On Broadway,St. James,Special,17835,0.92,989597,0.955,12
Patti Lupone On Broadway,Walter Kerr,Special,1872,0.52,83374,0.46,0
Penn & Teller On Broadway,Marquis,Special,64567,0.8233333333333333,7820655,0.7566666666666667,41
Peter And The Starcatcher,Brooks Atkinson,Play,255200,0.7251162790697674,17698854,0.4672093023255814,319
Peter Pan 98,Marquis,Musical,310277,0.7678571428571429,13806567,0.5946428571428571,214
Peter Pan 98,Gershwin,Musical,310277,0.7678571428571429,13806567,0.5946428571428571,214
Picnic '12,American Airlines,Play,47529,0.7545454545454545,2409844,0.32727272727272727,49
Pippin,Music Box,Musical,659865,0.893936170212766,68840074,0.7153191489361703,709
Porgy And Bess '11,Richard Rodgers,Musical,293984,0.688780487804878,26381453,0.5073170731707317,293
Prelude To A Kiss 2007,American Airlines,Play,41211,0.6627272727272726,1786550,0.4354545454545455,61
Present Laughter '10,American Airlines,Play,58727,0.8583333333333333,3071438,0.4041666666666666,69
Primo,Music Box,Play,29520,0.7333333333333333,1952699,0.645,35
Priscilla Queen Of The Desert,Palace,Musical,616609,0.663768115942029,48763901,0.4865217391304348,526
Private Lives '11,Music Box,Play,43018,0.6866666666666668,2773632,0.39555555555555555,53
Private Lives 02,Richard Rodgers,Play,132104,0.7275,7083941,0.6495000000000001,127
"Promises, Promises",Broadway,Musical,475458,0.8563414634146342,42951936,0.6717073170731708,289
Proof,Walter Kerr,Play,634994,0.7363247863247864,32896994,0.6590598290598291,917
Proposals,Broadhurst,Play,51007,0.49636363636363634,2172196,0.45545454545454545,77
Prune Danish,Royale,Play,35323,0.61,2080448,0.56875,39
Putting It Together,Ethel Barrymore,Musical,94783,0.7111764705882354,5371370,0.6258823529411764,101
Pygmalion 07,American Airlines,Play,66932,0.9038461538461539,3558323,0.5284615384615384,69
Qed,Vivian Beaumont,Play,47492,0.9296428571428571,2165492,0.8107142857142857,40
Rabbit Hole,Biltmore,Play,58154,0.8969230769230769,3203305,0.63,77
Race,Ethel Barrymore,Play,197595,0.58325,14939910,0.40549999999999997,297
Radio Golf,Cort,Play,46200,0.5263636363636364,1825735,0.29818181818181816,64
Ragtime,Ford Center (Livent),Musical,1432872,0.918148148148148,79947694,0.9209259259259259,834
Ragtime '09,Neil Simon,Musical,92587,0.7083333333333333,6030275,0.42416666666666664,65
Rain: A Tribute To The Beatles On Broadway,Neil Simon,Musical,260709,0.7055263157894737,18014434,0.44921052631578945,300
Rain: A Tribute To The Beatles On Broadway,Brooks Atkinson,Musical,260709,0.7055263157894737,18014434,0.44921052631578945,300
Reasons To Be Pretty,Lyceum,Play,43457,0.4457142857142857,1936204,0.23285714285714285,85
Reckless,Biltmore,Play,59677,0.9076923076923077,3004690,0.6430769230769231,77
Red,Golden,Play,87631,0.88625,6835696,0.64,101
Relatively Speaking,Brooks Atkinson,Play,126852,0.7773684210526316,10077527,0.5657894736842105,117
Rent,Nederlander,Musical,4969873,0.8267762128325509,271555789,0.687699530516432,5091
Ring Of Fire,Ethel Barrymore,Musical,50623,0.505,2775120,0.3,57
Ring Round The Moon,Belasco,Play,47453,0.48307692307692307,1282880,0.3,66
Riverdance,Gershwin,Musical,890766,0.7506410256410256,45553810,0.6035897435897436,605
Rock 'N' Roll,Jacobs,Play,102787,0.7042105263157894,6767495,0.5457894736842106,123
Rock Of Ages,Brooks Atkinson,Musical,1476025,0.8846440677966102,128956082,0.6798983050847458,2328
Rock Of Ages,Helen Hayes,Musical,1476025,0.8846440677966102,128956082,0.6798983050847458,2328
Rocky,Winter Garden,Musical,235400,0.7488888888888888,19222100,0.5640740740740741,180
Romeo And Juliet,Richard Rodgers,Play,84914,0.55625,6208798,0.351875,93
Rose,Lyceum,Play,40598,0.79875,1230595,0.4725,42
Sacrilege,Belasco,Play,15394,0.515,357454,0.3225,21
Salome,Ethel Barrymore,Play,56181,0.895,3702428,0.857,40
Saturday Night Fever,Minskoff,Musical,680429,0.7648484848484849,37585638,0.631969696969697,501
"Say Goodnight, Gracie",Helen Hayes,Play,131349,0.566530612244898,5874615,0.4055102040816327,364
Scandalous,Neil Simon,Musical,42216,0.5611111111111111,1718924,0.22333333333333333,29
School For Scandal,Lyceum,Play,1120,0.15,27661,0.12,1
School Of Rock,Winter Garden,Musical,421721,0.8975,41726964,0.7095,288
Seascape,Booth,Play,38021,0.6336363636363637,1526743,0.3190909090909091,55
Seminar,Golden,Play,132687,0.7664285714285713,9819692,0.5260714285714285,191
Seussical,Richard Rodgers,Musical,228686,0.7255172413793103,12927734,0.5872413793103448,198
Sexaholix '01,Royale,Play,109522,0.855,5337342,0.7944444444444444,67
Sexaholix '03,Broadway,Play,20224,0.41,990923,0.415,28
Shatner'S World: We Just Live In It,Music Box,Special,13721,0.7233333333333333,914006,0.41666666666666663,17
She Loves Me 2016,Studio 54,Musical,145633,0.89,11744157,0.64,132
Shining City,Biltmore,Play,57529,0.8746153846153847,3217082,0.6361538461538462,80
Shrek The Musical,Broadway,Musical,606280,0.7340983606557377,46361426,0.552622950819672,441
Shuffle Along,Music Box,Musical,131619,0.9915789473684211,15174445,0.8036842105263158,100
Side Man,Criterion,Play,276876,0.7038235294117646,9808327,0.5075,517
Side Man,Golden,Play,276876,0.7038235294117646,9808327,0.5075,517
Side Show,Richard Rodgers,Musical,114189,0.7075,4315283,0.488125,91
Side Show 2014,St. James,Musical,73844,0.737,4963029,0.44,56
Sight Unseen,Biltmore,Play,50622,0.8533333333333333,2724614,0.6433333333333333,70
Sister Act,Broadway,Musical,721574,0.7286666666666666,52509237,0.4828,561
Six Dance Lessons In Six Weeks,Belasco,Play,22321,0.3871428571428572,716751,0.22428571428571428,30
Sixteen Wounded,Walter Kerr,Play,13482,0.36,509381,0.198,12
Skylight 2015,Golden,Play,84202,0.9921428571428571,10126159,0.895,85
Slava'S Snowshow,Helen Hayes,Special,17093,0.698,1435574,0.586,35
Sly Fox,Ethel Barrymore,Play,141591,0.6912,8121077,0.5184000000000001,173
Smokey Joe'S Cafe,Virginia,Musical,1904856,0.7625968992248062,88346877,0.2710077519379845,2036
Something Rotten!,St. James,Musical,709531,0.7828767123287672,60312720,0.6254794520547945,548
Sondheim On Sondheim,Studio 54,Musical,89781,0.7933333333333333,5352642,0.4653333333333333,76
Soul Doctor,Circle In The Square,Musical,51690,0.7546153846153847,1940459,0.2176923076923077,66
Soul Of Shaolin,Marquis,Special,30406,0.7866666666666667,1225360,0.44333333333333336,21
South Pacific,Vivian Beaumont,Musical,965647,0.8983076923076924,96488869,0.7698461538461538,996
Souvenir,Lyceum,Play,21953,0.3790909090909091,945935,0.21545454545454545,68
Speed The Plow '08,Ethel Barrymore,Play,114722,0.6642857142857143,8477093,0.5323809523809524,140
Spider-Man Turn Off The Dark,Foxwoods,Musical,2068468,0.8756875,212406040,0.7331875,1066
Spring Awakening,Eugene O'Neill,Musical,767167,0.7927678571428571,57441834,0.6436607142857143,859
Spring Awakening 2015,Brooks Atkinson,Musical,119258,0.7384999999999999,9182156,0.46549999999999997,135
Squonk,Helen Hayes,Musical,13579,0.41857142857142854,466157,0.23428571428571426,32
Steel Magnolias,Lyceum,Play,72860,0.4985,4139622,0.4265,136
Steel Pier,Richard Rodgers,Musical,120530,0.82,5587523,0.16571428571428573,76
Stick Fly,Cort,Play,80312,0.6373333333333333,4262543,0.3253333333333333,93
Stones In His Pockets,Golden,Play,115757,0.6881481481481481,5141100,0.547037037037037,198
Street Corner Symphony,Brooks Atkinson,Musical,64792,0.6171428571428571,1090010,0.19928571428571426,79
Sunday In The Park With George '08,Studio 54,Musical,156964,0.8647826086956522,8812815,0.49521739130434783,149
Superior Donuts,Music Box,Play,74490,0.598125,4239113,0.30375,109
Swan Lake,Neil Simon,Musical,141151,0.8005555555555556,7027858,0.6738888888888889,124
Sweeney Todd 05,Eugene O'Neill,Musical,302836,0.7145833333333332,22218240,0.6377083333333333,349
Sweet Charity 05,Al Hirschfeld,Musical,300014,0.6936842105263158,18653757,0.4871052631578947,279
Sweet Smell Of Success,Martin Beck,Musical,119972,0.6641176470588235,7860322,0.5611764705882353,109
Swing!,St. James,Musical,529583,0.6142857142857143,24623691,0.5003174603174603,461
Sylvia,Cort,Play,75926,0.6707142857142857,4453376,0.37428571428571433,79
Taboo,Plymouth,Musical,70160,0.5493333333333333,4894998,0.444,100
Take Me Out,Walter Kerr,Play,214263,0.608125,10975816,0.45333333333333337,355
Talk Radio,Longacre,Play,84405,0.5131578947368421,4489013,0.37315789473684213,121
Taller Than A Dwarf,Longacre,Play,65891,0.6533333333333333,2557061,0.5,56
Tartuffe 03,American Airlines,Play,61354,0.8883333333333333,2638852,0.6066666666666667,53
Tarzan,Richard Rodgers,Musical,580903,0.8520588235294118,42722858,0.7830882352941176,486
Th<e9>r<e8>se Raquin,Studio 54,Play,71091,0.6635714285714286,5184011,0.46714285714285714,75
That Championship Season,Jacobs,Play,99407,0.745625,8443019,0.49625,97
The 25Th Annual Putnam County Spelling Bee,Circle In The Square,Musical,672139,0.8495862068965517,45625516,0.6904827586206896,1136
The 39 Steps,American Airlines,Play,389835,0.7206,22104342,0.41200000000000003,771
The 39 Steps,Cort,Play,389835,0.7206,22104342,0.41200000000000003,771
The 39 Steps,Helen Hayes,Play,389835,0.7206,22104342,0.41200000000000003,771
The Addams Family,Lunt-Fontanne,Musical,920997,0.8004210526315789,86677092,0.6525263157894737,722
The Adventures Of Tom Sawyer,Minskoff,Musical,64852,0.69,2211829,0.4142857142857143,21
The American Plan,Friedman,Play,38583,0.6416666666666667,2001797,0.35833333333333334,70
The Anarchist,Golden,Play,22583,0.706,1651411,0.426,17
The Apple Tree,Studio 54,Musical,87752,0.7466666666666667,4777523,0.4993333333333333,99
The Assembled Parties,Friedman,Play,82288,0.8573684210526317,5402056,0.4636842105263158,119
The Beauty Queen Of Leenane,Walter Kerr,Play,281378,0.7733333333333333,12496388,0.6816666666666668,365
The Big Knife,American Airlines,Play,45618,0.7272727272727273,2337664,0.39272727272727276,56
The Blonde In The Thunderbird,Brooks Atkinson,Play,15122,0.7533333333333333,191165,0.15333333333333335,9
The Blue Room,Cort,Play,101355,0.995,4589721,0.5864285714285714,81
The Boy From Oz,Imperial,Musical,524857,0.9237254901960784,42738338,0.8937254901960785,364
The Boys From Syracuse,American Airlines,Musical,68115,0.9176923076923077,3286075,0.5107692307692308,73
The Bridges Of Madison County,Schoenfeld,Musical,101215,0.7322222222222223,6729931,0.3927777777777778,100
The Caine Mutiny Court-Martial,Schoenfeld,Play,19409,0.41666666666666663,945803,0.25,17
The Capeman,Marquis,Musical,152983,0.76,8038402,0.6576470588235295,68
The Caretaker 03,American Airlines,Play,48149,0.7936363636363636,2156333,0.6336363636363637,63
The Chairs,Golden,Play,48303,0.7141666666666667,1830517,0.535,74
The Cherry Orchard,Martin Beck,Play,13000,0.705,800000,0.57,12
The Civil War,St. James,Musical,81971,0.5033333333333334,3524775,0.36916666666666664,61
The Coast Of Utopia,Vivian Beaumont,Play,170533,0.91,11762335,0.6517241379310345,121
The Color Purple,Broadway,Musical,1369564,0.8474789915966386,103992566,0.7436974789915967,910
The Color Purple 2015,Jacobs,Musical,300874,0.90925,30362144,0.74,282
The Columnist,Friedman,Play,59702,0.8421428571428571,3505086,0.44857142857142857,86
The Constant Wife,American Airlines,Play,63263,0.8538461538461539,3365506,0.7223076923076923,77
The Country Girl,Jacobs,Play,81577,0.620625,5949235,0.533125,97
The Country House,Friedman,Play,44110,0.7809090909090909,2383928,0.37636363636363634,61
The Cripple Of Inishmaan,Cort,Play,94219,0.7806666666666666,7845617,0.6046666666666667,105
The Crucible 02,Virginia,Play,115021,0.7735294117647059,7657715,0.7052941176470588,101
The Crucible 2016,Walter Kerr,Play,131650,0.8945000000000001,11687115,0.6195,125
The Curious Incident Of The Dog In The Night-Time,Ethel Barrymore,Play,691205,0.8520792079207921,66641346,0.7127722772277229,775
The Deep Blue Sea,Criterion,Play,38764,0.8508333333333333,1379259,0.5541666666666667,61
The Diary Of Anne Frank,Music Box,Play,156663,0.6779999999999999,6086337,0.4996666666666667,221
The Dinner Party,Music Box,Play,291757,0.7408333333333332,13974313,0.6745833333333333,364
The Drowsy Chaperone,Marquis,Musical,865975,0.76,63565088,0.6515730337078652,674
The Elephant Man,Royale,Play,44594,0.519,1574221,0.287,57
The Farnsworth Invention,Music Box,Play,76700,0.5527777777777778,4512535,0.3827777777777778,104
The Father 2016,Friedman,Play,50634,0.7553846153846153,3419470,0.37538461538461543,78
The Frogs,Vivian Beaumont,Musical,117040,0.891875,7691480,0.650625,92
The Full Monty,Eugene O'Neill,Musical,764040,0.8716831683168317,47862021,0.7504950495049505,770
The Gathering,Cort,Play,11208,0.282,360983,0.182,24
The Gershwins' Fascinating Rhythm,Longacre,Musical,26455,0.5416666666666666,970692,0.33,17
The Gin Game,Lyceum,Play,81779,0.5404761904761906,2260537,0.2319047619047619,145
The Gin Game 2015,Golden,Play,70656,0.769375,5514614,0.494375,92
The Glass Menagerie '13,Booth,Play,133868,0.8736,14107163,0.736,173
The Glass Menagerie 05,Ethel Barrymore,Play,80428,0.5168421052631579,4573842,0.3894736842105263,120
"The Goat, Or Who Is Sylvia?",Golden,Play,179887,0.6790697674418605,7932478,0.47627906976744183,309
The Good Body,Booth,Play,19837,0.3744444444444444,843035,0.22666666666666668,40
The Graduate,Plymouth,Play,321840,0.7431372549019608,17834908,0.6435294117647059,380
The Green Bird,Cort,Musical,37182,0.504,1787997,0.39799999999999996,56
The Heidi Chronicles 2015,Music Box,Play,50970,0.636,3257022,0.365,53
The Heiress '12,Walter Kerr,Play,105465,0.7794736842105263,9604456,0.6010526315789474,117
The Herbal Bed,Eugene O'Neill,Play,13851,0.35,371767,0.222,13
The History Boys,Broadhurst,Play,216917,0.9636,16775002,0.9116,185
The Homecoming 07,Cort,Play,75092,0.4573684210526316,4267706,0.3510526315789474,137
The House Of Blue Leaves '11,Walter Kerr,Play,74693,0.8575,5707721,0.5975,72
The Humans,Helen Hayes,Play,120065,0.9317857142857143,11515021,0.7242857142857143,189
The Humans,Schoenfeld,Play,120065,0.9317857142857143,11515021,0.7242857142857143,189
The Illusionists - Live On Broadway,Neil Simon,Special,64713,0.7228571428571429,6785761,0.6414285714285713,64
The Illusionists - Witness The Impossible,Marquis,Special,76365,0.8783333333333333,8157068,0.75,45
The Importance Of Being Earnest,American Airlines,Play,122818,0.7560714285714286,8012925,0.4267857142857143,189
The Invention Of Love,Lyceum,Play,104598,0.8294444444444444,3918862,0.5827777777777778,108
The Judas Kiss,Broadhurst,Play,99964,0.7613333333333334,4629082,0.616,103
The King And I 2015,Vivian Beaumont,Musical,494187,0.8776470588235294,57045053,0.7120588235294117,499
The King And I 96,Neil Simon,Musical,815079,0.8525274725274725,42863180,0.27296703296703295,728
The Last Night Of Ballyhoo,Helen Hayes,Play,243216,0.7015068493150685,11548547,0.49753424657534245,556
The Last Ship,Neil Simon,Musical,131411,0.7317647058823529,11156287,0.5417647058823529,105
The Lieutenant Of Inishmore,Lyceum,Play,76621,0.5995,3808107,0.4105,142
The Life,Ethel Barrymore,Musical,384256,0.7318032786885246,18961995,0.4757377049180328,466
The Light In The Piazza,Vivian Beaumont,Musical,420433,0.7480882352941177,28777131,0.555,504
The Lion In Winter,Criterion,Play,51829,0.904,2099821,0.604,93
The Lion King,New Amsterdam,Musical,13207871,0.9768877551020408,1289388835,0.9704081632653062,7803
The Lion King,Minskoff,Musical,13207871,0.9768877551020408,1289388835,0.9704081632653062,7803
The Little Dog Laughed,Cort,Play,68122,0.4694117647058823,3345956,0.36294117647058827,112
The Little Foxes,Vivian Beaumont,Play,65952,0.7209090909090909,1759936,0.07272727272727272,57
The Little Mermaid,Lunt-Fontanne,Musical,986179,0.887127659574468,82993600,0.8196808510638297,685
The Lonesome West,Lyceum,Play,20296,0.34375,619334,0.235,55
The Look Of Love,Brooks Atkinson,Musical,59883,0.6909090909090909,2344600,0.34909090909090906,49
The Lyons,Cort,Play,57421,0.5276923076923077,2509091,0.22384615384615383,80
The Man Who Came To Dinner,American Airlines,Play,79268,0.9146666666666667,3854225,0.7433333333333333,85
The Man Who Had All The Luck,American Airlines,Play,57457,0.9109090909090909,2610518,0.6990909090909091,70
The Miracle Worker,Circle In The Square,Play,36610,0.81,1687067,0.345,38
The Motherf**Ker With The Hat,Schoenfeld,Play,130240,0.8638888888888888,10451323,0.5961111111111111,112
The Mountaintop,Jacobs,Play,123293,0.8222222222222223,10864181,0.6172222222222222,117
The Music Man,Neil Simon,Musical,745575,0.7746153846153847,45976995,0.6967032967032967,699
The Mystery Of Charles Dickens,Belasco,Play,7526,0.26,253992,0.16,20
The Mystery Of Edwin Drood '12,Studio 54,Musical,122792,0.7480952380952381,7191342,0.3719047619047619,136
The Nance,Lyceum,Play,112339,0.7480952380952381,8563126,0.5404761904761906,136
The Normal Heart,Golden,Play,67970,0.8816666666666667,4237705,0.5408333333333334,86
The Norman Conquests,Circle In The Square,Play,75224,0.75625,4229582,0.410625,109
The Odd Couple 05,Brooks Atkinson,Play,296923,0.9945714285714286,28938436,0.9834285714285714,249
The Old Neighborhood,Booth,Play,111014,0.6888461538461539,3820480,0.48307692307692307,197
The Other Place,Friedman,Play,49929,0.815,2876466,0.4083333333333334,61
The Pajama Game,American Airlines,Musical,120528,0.9786363636363636,8885204,0.8895454545454545,129
The Pee-Wee Herman Show,Stephen Sondheim,Play,64173,0.758,6296959,0.6409999999999999,62
The People In The Picture,Studio 54,Musical,56633,0.6308333333333334,2469422,0.25916666666666666,60
The Performers,Longacre,Play,19860,0.61,737219,0.255,6
The Phantom Of The Opera,Majestic,Musical,11582362,0.8575403608736941,790512187,0.6502659069325736,8400
The Philanthropist,American Airlines,Play,49691,0.7366666666666667,2463705,0.37083333333333335,73
The Pillowman,Booth,Play,137521,0.84,8946186,0.7769230769230769,185
The Pirate Queen,Hilton Theatre,Musical,149476,0.7133333333333333,9054539,0.4666666666666666,85
The Pitmen Painters,Friedman,Play,48162,0.7123076923076923,2531130,0.3423076923076923,86
The Play What I Wrote,Lyceum,Play,63237,0.6113333333333333,2530951,0.42200000000000004,89
The Price 99,Royale,Play,90661,0.5647368421052632,3013098,0.5042105263157894,128
The Producers,St. James,Musical,3672795,0.8490251572327044,288361724,0.8725786163522012,2502
The Rainmaker,Brooks Atkinson,Play,88453,0.8292857142857143,3321242,0.7714285714285714,82
The Rascals: Once Upon A Dream,Richard Rodgers,Special,18432,0.92,2245793,0.8933333333333333,14
The Real Thing '00,Ethel Barrymore,Play,116022,0.6825,5645810,0.5765,136
The Real Thing 2014,American Airlines,Play,75040,0.937857142857143,6214364,0.7264285714285714,76
The Realistic Joneses,Lyceum,Play,95429,0.8288235294117646,8209761,0.691764705882353,105
The Retreat From Moscow,Booth,Play,89666,0.6677272727272726,4496405,0.4781818181818182,147
The Ride Down Mt. Morgan,Ambassador,Play,99678,0.6244444444444445,3948515,0.43333333333333335,121
The Ritz,Studio 54,Play,75147,0.7530769230769231,3438536,0.43,69
The Rivals,Vivian Beaumont,Play,46130,0.6355555555555555,2275152,0.38888888888888884,45
The Road To Mecca,American Airlines,Play,42360,0.6433333333333333,2082656,0.2825,56
The Rocky Horror Show,Circle In The Square,Musical,268017,0.832542372881356,13431400,0.5433898305084746,437
The Rose Tattoo,Circle In The Square,Play,40801,0.67,1039948,0.5954545454545455,73
The Royal Family,Friedman,Play,53252,0.7953846153846154,2627586,0.3992307692307692,77
The Scarlet Pimpernel,Minskoff,Musical,924543,0.6847572815533981,40692704,0.4955339805825243,772
The Scarlet Pimpernel,Neil Simon,Musical,924543,0.6847572815533981,40692704,0.4955339805825243,772
The Scottsboro Boys,Lyceum,Musical,52266,0.74,2750411,0.365,49
The Seafarer,Booth,Play,76919,0.632,4512348,0.43200000000000005,133
The Seagull 08,Walter Kerr,Play,85825,0.8085714285714286,6430741,0.6764285714285714,94
The Search For Signs Of Intelligent Life In The Universe 00,Booth,Play,114278,0.7717857142857143,5562894,0.6521428571428571,184
The Shadow Box,Circle In The Square,Play,27956,0.5777777777777778,636598,0.2911111111111111,49
The Sisters Rosensweig,Ethel Barrymore,Play,510634,0.8125,19086077,0.6947222222222222,556
The Smell Of The Kill,Helen Hayes,Play,17858,0.51125,533380,0.2225,40
The Snow Geese,Friedman,Play,44083,0.7981818181818181,2376183,0.38727272727272727,60
The Sound Of Music,Martin Beck,Musical,642006,0.7831944444444444,34483971,0.65,533
The Story Of My Life,Booth,Musical,6628,0.35333333333333333,264611,0.14666666666666667,5
The Sunshine Boys,Lyceum,Play,127504,0.5761290322580644,5023827,0.4741935483870968,230
The Tale Of The Allergist'S Wife,Ethel Barrymore,Play,612691,0.7293069306930693,29310727,0.5928712871287128,777
The Tempest,Broadhurst,Play,91218,0.8391666666666667,4609277,0.7775,70
The Temptations And The Four Tops On Broadway,Palace,Special,8780,0.75,819461,0.63,7
The Testament Of Mary,Walter Kerr,Play,32424,0.8,1279803,0.285,16
The Threepenny Opera,Studio 54,Musical,98279,0.8978571428571429,5806155,0.7335714285714287,77
The Times They Are A-Changin',Brooks Atkinson,Musical,50023,0.81375,2636161,0.4925,28
The Trip To Bountiful,Stephen Sondheim,Play,158164,0.7089655172413794,13498945,0.5237931034482759,187
The Velocity Of Autumn,Booth,Play,19293,0.6659999999999999,544617,0.152,16
The Vertical Hour,Music Box,Play,104375,0.7572222222222222,7308875,0.6311111111111112,117
The Violet Hour,Biltmore,Play,39431,0.7909999999999999,2037981,0.589,54
The Visit 2015,Lyceum,Musical,53725,0.6466666666666667,2432521,0.2758333333333333,61
The Wedding Singer,Al Hirschfeld,Musical,301613,0.67875,19995744,0.46299999999999997,285
The Weir,Walter Kerr,Play,179837,0.6619444444444444,6874875,0.48833333333333334,277
The Wild Party,Virginia,Musical,79170,0.6314285714285715,3919522,0.43428571428571433,68
The Winslow Boy,American Airlines,Play,42745,0.6790909090909091,2392300,0.3281818181818182,53
The Woman In White,Marquis,Musical,152490,0.7482352941176471,10445368,0.6158823529411764,109
The Women,American Airlines,Play,77827,0.9614285714285714,4183178,0.7985714285714286,77
The Year Of Magical Thinking,Booth,Play,100961,0.7745833333333333,7293267,0.675,144
The Young Man From Atlanta,Longacre,Play,50356,0.4546153846153846,1340187,0.03076923076923077,84
This Is Our Youth,Cort,Play,112415,0.6659999999999999,7229324,0.47,133
Thoroughly Modern Millie,Marquis,Musical,1193581,0.8079661016949153,75616509,0.6485593220338983,903
Thou Shalt Not,Plymouth,Musical,85740,0.7053333333333334,3894953,0.4306666666666667,85
Thurgood,Booth,Play,80291,0.7157894736842105,4613166,0.5036842105263158,126
Time Stands Still,Friedman,Play,154459,0.7516129032258064,10428041,0.49032258064516127,193
Time Stands Still,Cort,Play,154459,0.7516129032258064,10428041,0.49032258064516127,193
Titanic,Lunt-Fontanne,Musical,1065828,0.8708571428571429,57150546,0.7177142857142857,804
Title Of Show,Lyceum,Musical,47894,0.45866666666666667,2188129,0.29533333333333334,102
To Be Or Not To Be,Friedman,Play,21960,0.46888888888888886,1166048,0.27444444444444444,40
Tommy,St. James,Musical,6007,0.47,229369,0.35,8
Top Girls,Biltmore,Play,41199,0.7281818181818182,2211556,0.4445454545454545,63
Topdog / Underdog,Ambassador,Play,121725,0.6277272727272727,5405007,0.4772727272727273,144
Translations 06,Biltmore,Play,43049,0.858,2141231,0.483,53
Triumph Of Love,Royale,Musical,80669,0.6733333333333333,3700422,0.494,85
True West,Circle In The Square,Play,95525,0.8566666666666667,5035352,0.7520833333333333,154
Tuck Everlasting,Broadhurst,Musical,59117,0.77,2943941,0.33666666666666667,39
Twelfth Night/Richard Iii,Belasco,Play,147748,0.9966666666666667,13930965,0.8905555555555555,113
Twelve Angry Men,American Airlines,Play,164852,0.8563636363636364,9325569,0.6790909090909091,228
Twentieth Century,American Airlines,Play,72398,0.8821428571428571,3869161,0.7964285714285714,84
Uncle Vanya,Circle In The Square,Play,17968,0.4814285714285715,421847,0.24857142857142858,29
Uncle Vanya 00,Brooks Atkinson,Play,64242,0.8079999999999999,2366742,0.602,49
Urban Cowboy,Broadhurst,Musical,23533,0.2358333333333333,1288667,0.15333333333333335,60
Urinetown,Henry Miller,Musical,524188,0.83736,34815864,0.7298399999999999,965
Vanya And Sonia And Masha And Spike,Golden,Play,138147,0.8787999999999999,13130430,0.7,189
Venus In Fur,Friedman,Play,124848,0.7417241379310344,9550145,0.4951724137931034,191
Venus In Fur,Lyceum,Play,124848,0.7417241379310344,9550145,0.4951724137931034,191
Via Dolorosa,Booth,Play,55886,0.634,1751272,0.4046666666666667,99
Victor/Victoria,Marquis,Musical,705199,0.7989855072463768,40484107,0.057536231884057966,526
Vincent In Brixton,Golden,Play,50193,0.6791666666666667,1915989,0.435,69
Violet,American Airlines,Musical,94762,0.8355,6616618,0.4415,128
Voices In The Dark,Longacre,Play,42090,0.5063636363636363,1245034,0.3,68
Waiting For Godot,Studio 54,Play,111164,0.9540000000000001,6908255,0.6173333333333333,84
Waiting In The Wings,Walter Kerr,Play,130699,0.65,6513905,0.5523076923076924,183
Waiting In The Wings,Eugene O'Neill,Play,130699,0.65,6513905,0.5523076923076924,183
Waitress,Brooks Atkinson,Musical,168752,0.9976190476190476,20033709,0.9733333333333333,129
War Horse,Vivian Beaumont,Play,726281,0.9053684210526316,74975253,0.7681052631578947,718
Well,Longacre,Play,27536,0.33399999999999996,1162288,0.22699999999999998,52
West Side Story,Palace,Musical,1074462,0.8176288659793814,93028454,0.7068041237113403,748
Who'S Afraid Of Virginia Woolf?,Longacre,Play,118994,0.5915384615384616,6574830,0.46307692307692305,177
Who'S Afraid Of Virginia Woolf? '12,Booth,Play,82952,0.6708695652173913,6444452,0.4230434782608695,142
Whoopi,Lyceum,Play,50144,0.6507692307692308,2584289,0.556923076923077,72
Wishful Drinking,Studio 54,Play,102216,0.766470588235294,5649906,0.44882352941176473,118
Wit,Friedman,Play,44863,0.8190909090909091,2302405,0.3809090909090909,60
Wolf Hall Parts One & Two,Winter Garden,Play,104415,0.61375,9970896,0.514375,103
Women On The Verge Of A Nervous Breakdown,Belasco,Musical,73822,0.76,4820272,0.48692307692307696,69
Wonderful Town,Al Hirschfeld,Musical,449677,0.608,29830255,0.4866153846153846,497
Wonderland,Marquis,Musical,84646,0.835,4438971,0.4,33
Wrong Mountain,Eugene O'Neill,Play,15548,0.29833333333333334,418284,0.1716666666666667,28
Xanadu,Helen Hayes,Musical,240985,0.721830985915493,17126310,0.48605633802816905,512
You Can'T Take It With You,Longacre,Play,160368,0.7188461538461539,13227324,0.5180769230769231,169
"You'Re A Good Man, Charlie Brown",Ambassador,Musical,84237,0.46857142857142853,3630774,0.33095238095238094,149
